trade_id,counterparty,notional,rate,volatility,maturity_days,trade_type,pse_market_up,pse_market_flat,pse_market_down
TRD-0001,Citi,10599795.08,0.0173,0.115,631,Interest Rate Swap,214687.984555443,204464.74719566,194241.509835877
TRD-0002,Barclays,16702691.86,0.0333,0.395,343,Credit Default Swap,814693.4211344357,775898.4963185102,737103.5715025846
TRD-0003,Deutsche Bank,7080942.42,0.0269,0.366,595,Cross Currency Swap,273201.66467986145,260192.06159986803,247182.4585198746
TRD-0004,Barclays,18014941.34,0.0457,0.29,1065,Credit Default Swap,1115136.578657871,1062034.83681702,1008933.094976169
TRD-0005,Barclays,8394831.9,0.0427,0.438,238,Interest Rate Swap,541237.7304840871,515464.50522294006,489691.27996179304
TRD-0006,JP Morgan,1205915.38,0.0237,0.422,1067,FX Forward,42673.08841690859,40641.03658753199,38608.98475815539
TRD-0007,Deutsche Bank,18202257.55,0.0204,0.334,1073,Cross Currency Swap,520116.4038658141,495348.95606268005,470581.508259546
TRD-0008,Deutsche Bank,2734446.86,0.0252,0.447,616,FX Forward,104695.46228587322,99709.96408178401,94724.4658776948
TRD-0009,Deutsche Bank,7066959.11,0.0336,0.182,1044,Cross Currency Swap,294698.97916774557,280665.694445472,266632.4097231984
TRD-0010,Barclays,19051177.37,0.0207,0.145,727,Credit Default Swap,474118.55445680773,451541.480435055,428964.40641330223
TRD-0011,Citi,19061535.79,0.035,0.208,161,Credit Default Swap,846217.81986126,805921.7332012,765625.64654114
TRD-0012,Deutsche Bank,11895319.87,0.0264,0.123,1073,Credit Default Swap,370296.0736123572,352662.927249864,335029.78088737075
TRD-0013,Barclays,13004907.03,0.0321,0.312,565,Credit Default Swap,575089.4735773489,547704.260549856,520319.0475223632
TRD-0014,JP Morgan,9520464.92,0.0274,0.475,1043,Credit Default Swap,404008.06922889006,384769.58974180004,365531.11025471
TRD-0015,Citi,6571004.66,0.0218,0.116,256,FX Forward,167857.89108081843,159864.65817220803,151871.42526359763
TRD-0016,JP Morgan,7244626.36,0.0479,0.149,851,Credit Default Swap,418659.3867098539,398723.22543795605,378787.0641660582
TRD-0017,Citi,13777850.67,0.0405,0.281,900,Interest Rate Swap,750541.8707691819,714801.7816849351,679061.6926006883
TRD-0018,Barclays,15295116.06,0.0156,0.474,434,Interest Rate Swap,369287.1175665672,351702.016730064,334116.9158935608
TRD-0019,Goldman Sachs,16040001.83,0.0447,0.226,231,FX Forward,922978.7577024272,879027.3882880259,835076.0188736245
TRD-0020,Citi,16002744.71,0.0295,0.303,67,Cross Currency Swap,645877.5776621018,615121.502535335,584365.4274085682
TRD-0021,JP Morgan,2732915.96,0.0458,0.117,971,Interest Rate Swap,146802.76215281882,139812.154431256,132821.54670969318
TRD-0022,Barclays,10393985.79,0.042,0.159,217,Cross Currency Swap,531256.362299901,505958.44028562,480660.51827133895
TRD-0023,Citi,2093616.44,0.027,0.495,970,FX Forward,88734.26898063,84508.8276006,80283.38622056998
TRD-0024,Goldman Sachs,11441048.76,0.0109,0.486,1073,Cross Currency Swap,194581.00534448522,185315.243185224,176049.4810259628
TRD-0025,Goldman Sachs,9389079.53,0.0207,0.102,302,Cross Currency Swap,224886.9512301741,214178.048790642,203469.1463511099
TRD-0026,Deutsche Bank,17866379.47,0.0317,0.481,612,Cross Currency Swap,880724.6946159048,838785.4234437188,796846.1522715328
TRD-0027,Deutsche Bank,7667385.24,0.0353,0.356,545,Cross Currency Swap,385363.85559633357,367013.19580603193,348662.5360157303
TRD-0028,JP Morgan,3224273.31,0.0203,0.447,555,FX Forward,99445.63296703456,94710.12663527101,89974.62030350746
TRD-0029,Citi,3716841.96,0.0156,0.282,365,Interest Rate Swap,78050.5590127536,74333.86572643199,70617.17244011039
TRD-0030,Citi,15468702.0,0.0434,0.306,727,Credit Default Swap,920610.82768284,876772.2168408,832933.60599876
TRD-0031,Deutsche Bank,12746143.2,0.0494,0.296,529,Cross Currency Swap,856840.612328064,816038.67840768,775236.744487296
TRD-0032,Citi,2921330.85,0.031,0.367,929,Interest Rate Swap,129987.0993019725,123797.23743045,117607.3755589275
TRD-0033,Citi,2598029.32,0.0169,0.156,795,Interest Rate Swap,53293.94700761038,50756.14000724798,48218.33300688558
TRD-0034,Goldman Sachs,14318413.5,0.0209,0.112,565,FX Forward,349409.95369434,332771.3844708,316132.81524726
TRD-0035,Deutsche Bank,2382497.12,0.0107,0.223,191,Interest Rate Swap,32736.475340133606,31177.595562032006,29618.715783930405
TRD-0036,Barclays,16615341.13,0.0466,0.382,623,FX Forward,1123550.302540424,1070047.907181356,1016545.5118222883
TRD-0037,Deutsche Bank,14418602.32,0.0147,0.181,188,Cross Currency Swap,262832.88076166523,250317.029296824,237801.1778319828
TRD-0038,Barclays,2545626.83,0.0331,0.369,89,Cross Currency Swap,121119.89359253384,115352.27961193699,109584.66563134013
TRD-0039,Goldman Sachs,2611916.57,0.021,0.488,944,Credit Default Swap,85698.027428328,81617.16897936,77536.31053039199
TRD-0040,JP Morgan,19746151.99,0.0322,0.138,240,Credit Default Swap,759748.599813802,723570.0950607639,687391.5903077257
TRD-0041,Citi,8111145.12,0.0361,0.369,435,Credit Default Swap,420903.09645405837,400860.09186100797,380817.08726795757
TRD-0042,Goldman Sachs,8042200.79,0.0432,0.278,693,Interest Rate Swap,466207.02317236323,444006.68873558403,421806.3542988048
TRD-0043,Citi,16443191.78,0.0183,0.447,571,Cross Currency Swap,457188.2307862569,435417.362653578,413646.4945208991
TRD-0044,JP Morgan,18997722.97,0.0104,0.171,1027,FX Forward,242929.96288874038,231361.86941784798,219793.77594695557
TRD-0045,JP Morgan,19734020.21,0.0155,0.377,956,Credit Default Swap,442252.71336974174,421193.060352135,400133.4073345282
TRD-0046,Goldman Sachs,15314185.52,0.046,0.435,897,FX Forward,1061433.8554839601,1010889.3861752,960344.91686644
TRD-0047,JP Morgan,8148932.13,0.045,0.478,48,FX Forward,569084.7497646149,541985.4759662999,514886.20216798485
TRD-0048,Barclays,2586513.62,0.0339,0.373,461,Credit Default Swap,126407.9255132547,120388.500488814,114369.0754643733
TRD-0049,JP Morgan,15765791.4,0.034,0.299,769,Cross Currency Swap,731127.54012102,696311.9429724,661496.3458237799
TRD-0050,Citi,11609680.74,0.0366,0.347,212,Credit Default Swap,600977.5615390553,572359.5824181479,543741.6032972406
TRD-0051,Citi,9060218.18,0.017,0.448,142,FX Forward,234177.647254824,223026.33071888,211875.014182936
TRD-0052,Citi,18220733.32,0.0466,0.328,510,Credit Default Swap,1183965.759229613,1127586.437361536,1071207.1154934592
TRD-0053,Citi,3112752.16,0.0268,0.112,860,FX Forward,97403.24451002882,92764.99477145601,88126.7450328832
TRD-0054,Barclays,10359876.98,0.0253,0.472,792,FX Forward,405109.3142652864,385818.394538368,366527.4748114496
TRD-0055,Deutsche Bank,1215719.25,0.0308,0.376,505,Credit Default Swap,54099.31210992,51523.1543904,48946.99667088
TRD-0056,Goldman Sachs,9904552.2,0.0119,0.371,792,Interest Rate Swap,169671.367622169,161591.77868778,153512.189753391
TRD-0057,Citi,2069762.24,0.0167,0.186,1000,Credit Default Swap,43043.83112178241,40994.124877888,38944.4186339936
TRD-0058,JP Morgan,3257540.41,0.0395,0.364,1049,Interest Rate Swap,184285.250320479,175509.76220998,166734.27409948097
TRD-0059,Citi,3232998.69,0.0133,0.258,190,FX Forward,56797.2239959593,54092.594281866,51387.964567772695
TRD-0060,JP Morgan,13334995.74,0.0341,0.36,430,FX Forward,649344.950560152,618423.7624382399,587502.5743163278
TRD-0061,JP Morgan,15174852.71,0.0198,0.143,227,Interest Rate Swap,360599.5697021488,343428.16162109404,326256.7535400393
TRD-0062,Citi,12084006.54,0.0256,0.363,689,FX Forward,442727.06456885766,421644.82339891203,400562.5822289664
TRD-0063,Barclays,19281278.42,0.0215,0.5,428,Interest Rate Swap,652912.29049725,621821.229045,590730.16759275
TRD-0064,JP Morgan,8122541.01,0.0242,0.119,107,Interest Rate Swap,230954.6253447279,219956.786042598,208958.9467404681
TRD-0065,JP Morgan,6428529.64,0.0388,0.491,153,FX Forward,390490.3616225976,371895.582497712,353300.80337282637
TRD-0066,Citi,17503383.44,0.0219,0.263,104,Cross Currency Swap,508345.2516821364,484138.334935368,459931.4181885996
TRD-0067,JP Morgan,5248320.93,0.0327,0.448,166,Interest Rate Swap,260931.1915424844,248505.89670712798,236080.60187177156
TRD-0068,JP Morgan,19301228.25,0.029,0.413,631,Credit Default Swap,830451.7515002625,790906.43000025,751361.1085002375
TRD-0069,Citi,1230935.02,0.0365,0.327,866,Credit Default Swap,62602.00081927049,59620.95316120999,56639.905503149486
TRD-0070,Citi,19427697.71,0.0475,0.395,529,FX Forward,1351694.210484319,1287327.819508875,1222961.4285334311
TRD-0071,Goldman Sachs,1820038.33,0.0393,0.451,167,Cross Currency Swap,108975.73232848998,103786.41174141903,98597.09115434808
TRD-0072,Barclays,17931719.16,0.0186,0.262,79,FX Forward,441960.5716958376,420914.830186512,399869.08867718634
TRD-0073,Barclays,11026321.07,0.0112,0.231,1002,Cross Currency Swap,159623.19854911923,152022.093856304,144420.9891634888
TRD-0074,JP Morgan,19866331.13,0.0205,0.367,283,Interest Rate Swap,584560.3369426328,556724.130421555,528887.9239004772
TRD-0075,Barclays,2402134.73,0.0338,0.423,739,Interest Rate Swap,121313.2567108371,115536.434962702,109759.6132145669
TRD-0076,JP Morgan,11523231.4,0.0121,0.405,592,Interest Rate Swap,205695.73018648505,195900.69541570003,186105.660644915
TRD-0077,Goldman Sachs,19416748.18,0.0299,0.419,786,Interest Rate Swap,865006.520128651,823815.7334558581,782624.9467830651
TRD-0078,Citi,10938859.04,0.0339,0.274,576,Credit Default Swap,496055.7079116912,472434.007534944,448812.30715819675
TRD-0079,Citi,12958574.12,0.0234,0.427,951,Credit Default Swap,454345.62106522685,432710.115300216,411074.6095352052
TRD-0080,Citi,14219225.09,0.0408,0.148,610,FX Forward,699306.0400782288,666005.752455456,632705.4648326831
TRD-0081,Barclays,9636280.23,0.0143,0.318,78,Cross Currency Swap,190699.76940724716,181618.82800690204,172537.88660655692
TRD-0082,Goldman Sachs,12923603.52,0.013,0.102,946,Interest Rate Swap,194400.72122889603,185143.54402752002,175886.36682614402
TRD-0083,Barclays,12101971.93,0.0391,0.23,733,Interest Rate Swap,611121.1428309645,582020.13602949,552919.1292280155
TRD-0084,Barclays,18122002.2,0.0298,0.247,290,Cross Currency Swap,707095.6987009859,673424.4749533199,639753.2512056539
TRD-0085,Goldman Sachs,1863481.23,0.0375,0.258,385,Cross Currency Swap,92305.21337651249,87909.72702524999,83514.24067398749
TRD-0086,Goldman Sachs,6338300.6,0.0274,0.378,667,FX Forward,251282.30758503603,239316.48341432,227350.659243604
TRD-0087,Goldman Sachs,19057818.2,0.0199,0.255,772,Cross Currency Swap,499757.45466769504,475959.4806359,452161.50660410494
TRD-0088,Goldman Sachs,17915011.89,0.0428,0.279,1039,Interest Rate Swap,1029723.7113165114,980689.2488728679,931654.7864292244
TRD-0089,Citi,9657478.3,0.042,0.195,960,Interest Rate Swap,508944.27767085016,484708.8358770001,460473.3940831501
TRD-0090,Deutsche Bank,12782519.36,0.0378,0.249,670,Interest Rate Swap,633665.4035546016,603490.860528192,573316.3175017824
TRD-0091,Deutsche Bank,6270242.48,0.0209,0.191,821,Interest Rate Swap,163882.16122730763,156078.24878791202,148274.3363485164
TRD-0092,Goldman Sachs,4574302.03,0.0336,0.129,641,Interest Rate Swap,182199.5730731736,173523.402926832,164847.2327804904
TRD-0093,Deutsche Bank,9810269.69,0.0244,0.341,838,FX Forward,337045.7457829098,320995.948364676,304946.15094644215
TRD-0094,Deutsche Bank,7713692.33,0.0137,0.367,715,Interest Rate Swap,151684.32151635736,144461.258587007,137238.19565765664
TRD-0095,Goldman Sachs,12089466.13,0.0467,0.348,217,FX Forward,799103.7978307734,761051.2360293079,722998.6742278425
TRD-0096,Deutsche Bank,2476958.1,0.0155,0.285,1014,Interest Rate Swap,51801.553604587505,49334.81295675,46868.072308912495
TRD-0097,Barclays,19513501.35,0.048,0.252,577,Credit Default Swap,1231317.5459860803,1172683.3771296002,1114049.20827312
TRD-0098,JP Morgan,19738004.15,0.0278,0.445,754,Credit Default Swap,832540.1329451324,792895.3647096499,753250.5964741674
TRD-0099,JP Morgan,14265072.57,0.0174,0.308,955,Credit Default Swap,340894.72161690117,324661.639635144,308428.5576533868
TRD-0100,Goldman Sachs,11185830.96,0.0317,0.292,905,Credit Default Swap,481037.9354866513,458131.3671301441,435224.79877363687
TRD-0101,Citi,6881024.71,0.0449,0.11,647,FX Forward,360090.5600477745,342943.39052169,325796.2209956055
TRD-0102,Goldman Sachs,16462105.37,0.0393,0.236,443,FX Forward,839625.6497230098,799643.475926676,759661.3021303421
TRD-0103,Citi,14009892.28,0.0423,0.252,932,Cross Currency Swap,779056.2057514824,741958.2911918879,704860.3766322935
TRD-0104,JP Morgan,4089721.85,0.0364,0.26,192,Interest Rate Swap,196949.55307482003,187571.0029284,178192.45278197998
TRD-0105,Goldman Sachs,18307616.51,0.0377,0.332,299,Credit Default Swap,965309.7233984022,919342.593712764,873375.4640271257
TRD-0106,Barclays,16628207.62,0.044,0.313,661,FX Forward,1008677.0511537719,960644.8106226398,912612.5700915077
TRD-0107,Deutsche Bank,19046198.35,0.02,0.343,935,Interest Rate Swap,537159.9320650501,511580.88768100005,486001.84329695004
TRD-0108,Citi,14788670.66,0.0296,0.406,234,Interest Rate Swap,646242.4290625969,615468.980059616,584695.5310566352
TRD-0109,Deutsche Bank,12654888.72,0.0188,0.425,611,FX Forward,355975.69224924006,339024.46880880004,322073.24536836
TRD-0110,Deutsche Bank,8946617.69,0.0495,0.387,870,Credit Default Swap,644955.6303051593,614243.457433485,583531.2845618107
TRD-0111,Goldman Sachs,18721841.18,0.0478,0.482,625,Cross Currency Swap,1392560.1274774645,1326247.740454728,1259935.3534319915
TRD-0112,Deutsche Bank,17455213.9,0.0116,0.107,279,Interest Rate Swap,235353.18736931396,224145.89273267996,212938.59809604596
TRD-0113,Barclays,1859154.73,0.0382,0.178,904,Cross Currency Swap,87844.28014751337,83661.21918810798,79478.15822870258
TRD-0114,Deutsche Bank,1500972.52,0.047,0.103,225,Credit Default Swap,81702.51222978599,77811.91640932,73921.320588854
TRD-0115,Goldman Sachs,8152803.97,0.0172,0.359,719,Credit Default Swap,200098.67034985378,190570.16223795598,181041.6541260582
TRD-0116,Barclays,16400513.28,0.0327,0.459,668,Cross Currency Swap,821579.8586409793,782457.008229504,743334.1578180287
TRD-0117,JP Morgan,19758246.46,0.0466,0.197,701,Credit Default Swap,1157224.886147497,1102118.9391880922,1047012.9922286876
TRD-0118,Deutsche Bank,3857920.93,0.0114,0.471,973,Interest Rate Swap,67929.77020571912,64695.01924354201,61460.26828136491
TRD-0119,Goldman Sachs,12288483.59,0.0379,0.124,228,Cross Currency Swap,549658.7098175923,523484.4855405641,497310.2612635359
TRD-0120,JP Morgan,8236926.28,0.0219,0.474,521,Credit Default Swap,279187.5685978764,265892.922474168,252598.2763504596
TRD-0121,JP Morgan,19428373.56,0.047,0.241,925,Cross Currency Swap,1189858.681865826,1133198.74463412,1076538.807402414
TRD-0122,Citi,17000259.54,0.0488,0.141,171,Interest Rate Swap,993917.4539645737,946588.0513948321,899258.6488250905
TRD-0123,Barclays,16928245.39,0.0478,0.294,194,Credit Default Swap,1099419.4551445856,1047066.1477567481,994712.8403689107
TRD-0124,Deutsche Bank,9905170.04,0.029,0.203,343,Interest Rate Swap,362839.75054475403,345561.66718548,328283.583826206
TRD-0125,Goldman Sachs,8881570.54,0.0445,0.214,50,Credit Default Swap,503799.53954654094,479809.0852824199,455818.6310182989
TRD-0126,Citi,6194734.37,0.0438,0.223,1013,FX Forward,348427.60458611493,331835.813891538,315244.0231969611
TRD-0127,Barclays,2071134.44,0.0228,0.421,334,Credit Default Swap,70457.38401940561,67102.270494672,63747.1569699384
TRD-0128,Citi,17429725.15,0.0432,0.316,400,Cross Currency Swap,1040445.8299700641,990900.79044768,941355.750925296
TRD-0129,Barclays,16445119.17,0.0115,0.225,882,Credit Default Swap,243254.14712274377,231670.61630737502,220087.08549200627
TRD-0130,Barclays,19994635.79,0.0339,0.344,413,Interest Rate Swap,956536.977910147,910987.5980096639,865438.2181091807
TRD-0131,Deutsche Bank,19936099.9,0.0192,0.386,474,Interest Rate Swap,557049.718741824,530523.54165888,503997.36457593594
TRD-0132,Barclays,11553202.41,0.0148,0.209,454,Credit Default Swap,217059.94943074262,206723.76136261201,196387.5732944814
TRD-0133,Citi,15610760.89,0.0131,0.265,190,Cross Currency Swap,271628.4102930668,258693.72408863503,245759.03788420328
TRD-0134,Barclays,18950548.87,0.0379,0.149,658,FX Forward,866503.519031616,825241.4466967771,783979.3743619382
TRD-0135,Deutsche Bank,17143300.42,0.0236,0.172,924,Cross Currency Swap,497878.4737257072,474169.974976864,450461.4762280208
TRD-0136,Deutsche Bank,5699613.93,0.039,0.372,519,FX Forward,320223.68927476194,304974.94216643996,289726.19505811797
TRD-0137,Citi,9560338.57,0.0126,0.173,1046,Interest Rate Swap,148364.88659673033,141299.89199688603,134234.89739704173
TRD-0138,JP Morgan,3454028.89,0.0226,0.31,356,Cross Currency Swap,107372.97828320702,102259.97931734001,97146.980351473
TRD-0139,JP Morgan,19126969.52,0.0316,0.384,627,FX Forward,878331.8625642625,836506.535775488,794681.2089867136
TRD-0140,Barclays,12517318.05,0.0416,0.143,1044,Credit Default Swap,624942.625120632,595183.45249584,565424.279871048
TRD-0141,Goldman Sachs,5344213.3,0.0228,0.327,318,Interest Rate Swap,169776.99891545402,161692.37991948,153607.760923506
TRD-0142,Barclays,13762313.0,0.035,0.203,622,Credit Default Swap,608435.2983082501,579462.1888650001,550489.0794217502
TRD-0143,Citi,12744436.57,0.0454,0.485,602,Interest Rate Swap,902178.0275684716,859217.1691128301,816256.3106571885
TRD-0144,Citi,7805091.64,0.0346,0.293,57,Cross Currency Swap,366641.7602105916,349182.628771992,331723.4973333924
TRD-0145,Citi,3157594.25,0.0193,0.422,983,Cross Currency Swap,90991.8567112275,86658.91115355,82325.96559587249
TRD-0146,Citi,13759890.72,0.011,0.32,72,Interest Rate Swap,209783.29391712003,199793.61325440003,189803.93259168003
TRD-0147,Citi,10885846.32,0.0448,0.117,452,Interest Rate Swap,571982.4255672577,544745.1672069121,517507.90884656645
TRD-0148,Deutsche Bank,15674049.44,0.0109,0.353,206,Interest Rate Swap,242713.9878726024,231156.17892628798,219598.36997997356
TRD-0149,JP Morgan,10883106.52,0.045,0.481,558,Cross Currency Swap,761569.8657266699,725304.6340253999,689039.40232413
TRD-0150,Citi,17191448.51,0.0312,0.341,995,FX Forward,755240.2751245716,719276.452499592,683312.6298746123
TRD-0151,Goldman Sachs,11486229.94,0.0476,0.428,227,Credit Default Swap,819788.7709889135,780751.2104656319,741713.6499423503
TRD-0152,Goldman Sachs,11657821.46,0.042,0.454,639,Credit Default Swap,747515.8329652441,711919.8409192801,676323.8488733161
TRD-0153,Goldman Sachs,17656418.45,0.0499,0.191,871,Cross Currency Swap,1101803.6812231103,1049336.839260105,996869.9972970998
TRD-0154,Goldman Sachs,8666174.46,0.024,0.185,882,Credit Default Swap,258789.30172452005,246466.00164240002,234142.70156028
TRD-0155,Deutsche Bank,3546289.34,0.0407,0.344,51,Interest Rate Swap,203684.1071259456,193984.863929472,184285.6207329984
TRD-0156,Goldman Sachs,1546870.85,0.0261,0.264,871,FX Forward,53583.482494332005,51031.88808984,48480.293685348
TRD-0157,Citi,15347607.86,0.0292,0.436,127,Credit Default Swap,675720.7954341936,643543.6146992319,611366.4339642703
TRD-0158,Barclays,12785881.48,0.0351,0.46,464,FX Forward,687986.546440284,655225.28232408,622464.018207876
TRD-0159,Goldman Sachs,14377515.59,0.0449,0.241,666,Interest Rate Swap,841184.5138607726,801128.108438831,761071.7030168895
TRD-0160,Deutsche Bank,5046319.07,0.0494,0.195,617,Credit Default Swap,312794.32134227554,297899.35365931,283004.3859763445
TRD-0161,Deutsche Bank,3591058.04,0.0407,0.412,373,Cross Currency Swap,216690.9778592328,206372.35986593598,196053.74187263916
TRD-0162,Goldman Sachs,1276348.65,0.0267,0.21,600,FX Forward,43296.7456273275,41234.99583555,39173.246043772495
TRD-0163,Barclays,7661163.62,0.0269,0.429,640,Interest Rate Swap,309220.69045262015,294495.89566916204,279771.1008857039
TRD-0164,Goldman Sachs,12208436.05,0.0395,0.269,272,FX Forward,642551.6592854889,611953.9612242751,581356.2631630612
TRD-0165,Deutsche Bank,8452636.86,0.0196,0.367,590,Credit Default Swap,237796.84941321958,226473.18991735196,215149.53042148435
TRD-0166,JP Morgan,9312023.52,0.0144,0.138,989,Credit Default Swap,160227.89141829117,152597.99182694397,144968.09223559676
TRD-0167,Citi,18179015.2,0.0242,0.35,61,Cross Currency Swap,623603.8479132,593908.426584,564213.0052548
TRD-0168,Deutsche Bank,7616853.87,0.0215,0.281,420,Interest Rate Swap,220268.5599036353,209779.58086060503,199290.60181757476
TRD-0169,Goldman Sachs,10765800.29,0.0219,0.335,306,Interest Rate Swap,330492.0361875142,314754.32017858495,299016.6041696557
TRD-0170,Citi,15889407.24,0.0193,0.167,561,Cross Currency Swap,375772.6436176062,357878.708207244,339984.7727968818
TRD-0171,Goldman Sachs,8534312.86,0.0117,0.395,412,Cross Currency Swap,146257.4267117145,139292.78734449,132328.1479772655
TRD-0172,Goldman Sachs,12819647.3,0.0107,0.445,913,Interest Rate Swap,208121.5255653975,198210.97672895,188300.42789250248
TRD-0173,JP Morgan,17384910.47,0.0495,0.187,243,FX Forward,1072550.316632083,1021476.492030555,970402.6674290273
TRD-0174,Citi,19040891.85,0.0271,0.138,405,FX Forward,616578.1612994116,587217.29647563,557856.4316518485
TRD-0175,Citi,3794396.14,0.0254,0.109,773,Cross Currency Swap,112226.9684646642,106882.827109204,101538.68575374379
TRD-0176,JP Morgan,18605164.88,0.0372,0.357,242,FX Forward,986155.9734687696,939196.1652083519,892236.3569479343
TRD-0177,Deutsche Bank,10350209.57,0.0187,0.343,108,Interest Rate Swap,272933.0080700339,259936.19816193703,246939.38825384018
TRD-0178,Goldman Sachs,5906643.38,0.048,0.319,657,Credit Default Swap,392659.475958288,373961.40567456,355263.335390832
TRD-0179,Barclays,9723579.37,0.0415,0.193,633,Credit Default Swap,505480.03045996575,481409.552819015,457339.07517806423
TRD-0180,Goldman Sachs,19620618.93,0.0136,0.256,811,FX Forward,351909.14253042237,335151.564314688,318393.9860989536
TRD-0181,Goldman Sachs,10359743.79,0.0267,0.338,1030,Cross Currency Swap,388602.5881502458,370097.70300023403,351592.8178502223
TRD-0182,Deutsche Bank,7246280.6,0.0452,0.299,709,Cross Currency Swap,446737.1119815239,425463.9161728799,404190.7203642359
TRD-0183,Goldman Sachs,13034616.23,0.0478,0.495,87,Cross Currency Swap,978040.0459326317,931466.7104120301,884893.3748914285
TRD-0184,JP Morgan,5562766.76,0.0287,0.155,1079,Cross Currency Swap,193617.24264105302,184397.37394386,175177.505246667
TRD-0185,JP Morgan,2441403.23,0.0345,0.378,910,Cross Currency Swap,121870.08850530151,116066.75095743,110263.4134095585
TRD-0186,Citi,3448714.72,0.0167,0.262,476,FX Forward,76317.19432038239,72683.042209888,69048.8900993936
TRD-0187,Barclays,3432870.94,0.0496,0.271,95,Credit Default Swap,227234.36048365917,216413.67665110398,205592.99281854878
TRD-0188,Goldman Sachs,3886151.18,0.0193,0.387,1041,Credit Default Swap,109230.20803016491,104028.76955253801,98827.33107491111
TRD-0189,Goldman Sachs,3637716.28,0.0477,0.377,256,FX Forward,250882.54237999258,238935.75464761196,226988.96691523134
TRD-0190,Deutsche Bank,13176620.15,0.036,0.497,803,Cross Currency Swap,745620.13377999,710114.4131238,674608.6924676099
TRD-0191,JP Morgan,4455721.6,0.0343,0.151,708,FX Forward,184704.20825102399,175908.76976287997,167113.33127473595
TRD-0192,Barclays,7567678.38,0.0305,0.142,630,Credit Default Swap,276769.29593646893,263589.80565377994,250410.31537109092
TRD-0193,Citi,18038979.79,0.0192,0.39,408,Interest Rate Swap,505495.507267296,481424.29263552,457353.07800374395
TRD-0194,JP Morgan,10005271.16,0.0171,0.331,738,FX Forward,239107.0207351518,227720.972128716,216334.9235222802
TRD-0195,Citi,13683597.03,0.0188,0.21,336,Cross Currency Swap,326838.18850036204,311274.46523844,295710.741976518
TRD-0196,Deutsche Bank,4274077.55,0.0175,0.132,808,Credit Default Swap,88902.95007877503,84669.47626550002,80436.00245222502
TRD-0197,Deutsche Bank,4653491.36,0.0412,0.134,533,Credit Default Swap,228285.58108890243,217414.839132288,206544.09717567358
TRD-0198,Goldman Sachs,1776503.71,0.024,0.458,297,Credit Default Swap,65271.588711336,62163.41782032,59055.246929304
TRD-0199,Barclays,4209766.2,0.0123,0.177,37,Credit Default Swap,63992.46656672101,60945.206254020006,57897.945941319005
TRD-0200,Citi,6293216.44,0.0488,0.229,537,Cross Currency Swap,396308.76036390243,377436.91463228804,358565.06890067365
TRD-0201,JP Morgan,4363199.2,0.0454,0.191,505,Interest Rate Swap,247720.50368402404,235924.28922288003,224128.07476173603
TRD-0202,Deutsche Bank,2685348.14,0.0471,0.242,193,Credit Default Swap,164942.4341915154,157088.032563348,149233.6309351806
TRD-0203,Goldman Sachs,3292081.55,0.0498,0.128,514,FX Forward,194177.24111343603,184930.70582232001,175684.170531204
TRD-0204,Goldman Sachs,9754796.59,0.017,0.308,596,Interest Rate Swap,227753.03982400201,216907.65697524,206062.274126478
TRD-0205,Citi,4920340.65,0.0258,0.127,934,Credit Default Swap,150220.11579097953,143066.77694379003,135913.43809660053
TRD-0206,Deutsche Bank,7921127.36,0.0403,0.42,588,Interest Rate Swap,475959.1560185281,453294.43430336006,430629.712588192
TRD-0207,Barclays,10564928.15,0.0378,0.193,267,FX Forward,500251.1439402855,476429.66089551,452608.1778507345
TRD-0208,Deutsche Bank,14117501.74,0.0162,0.316,583,Credit Default Swap,316022.5352501784,300973.843095408,285925.15094063757
TRD-0209,Citi,1746930.66,0.0426,0.452,857,FX Forward,113459.58262845359,108056.74536043199,102653.90809241039
TRD-0210,Citi,16188797.58,0.019,0.36,497,Cross Currency Swap,439234.45594056003,418318.5294672,397402.60299383994
TRD-0211,Deutsche Bank,12930107.4,0.019,0.313,415,Credit Default Swap,338695.75877318997,322567.3893078,306439.01984241
TRD-0212,Citi,2553421.61,0.0315,0.23,804,Credit Default Swap,103878.9362934225,98932.32027945,93985.70426547749
TRD-0213,Deutsche Bank,17597993.86,0.0337,0.233,877,Credit Default Swap,767795.2807036113,731233.600670106,694671.9206366007
TRD-0214,JP Morgan,18496575.61,0.0332,0.368,416,Credit Default Swap,882073.5760459728,840070.0724247359,798066.568803499
TRD-0215,Deutsche Bank,2160481.24,0.0137,0.498,906,Cross Currency Swap,46555.62691082521,44338.692296024004,42121.7576812228
TRD-0216,Deutsche Bank,6260675.31,0.0451,0.365,288,Credit Default Swap,404687.3912513933,385416.563096565,366145.73494173674
TRD-0217,Citi,16317824.32,0.0206,0.323,312,Interest Rate Swap,466958.8564750369,444722.72045241605,422486.5844297952
TRD-0218,Citi,15216934.12,0.0152,0.392,69,Credit Default Swap,338064.2778288384,321965.97888460796,305867.67994037754
TRD-0219,Goldman Sachs,4505899.37,0.0455,0.286,515,Cross Currency Swap,276836.37432865053,263653.68983681,250471.00534496948
TRD-0220,Goldman Sachs,4977637.14,0.0482,0.124,958,Credit Default Swap,283156.07439666963,269672.451806352,256188.82921603438
TRD-0221,JP Morgan,8038969.95,0.0445,0.325,249,Interest Rate Swap,497697.6539607187,473997.76567687496,450297.8773930312
TRD-0222,Goldman Sachs,10205936.72,0.0424,0.483,1044,Cross Currency Swap,673828.1930144354,641741.1362042241,609654.0793940128
TRD-0223,Deutsche Bank,12746840.66,0.0362,0.17,1053,Cross Currency Swap,566873.6737793221,539879.68931364,512885.704847958
TRD-0224,Citi,8009359.15,0.032,0.376,642,Interest Rate Swap,370301.50719743996,352668.10209279996,335034.69698815997
TRD-0225,Goldman Sachs,9788159.61,0.0135,0.18,957,Interest Rate Swap,163721.651716665,155925.38258729997,148129.11345793496
TRD-0226,Goldman Sachs,15201947.82,0.0263,0.314,717,Interest Rate Swap,551619.5508107803,525351.9531531241,499084.35549546784
TRD-0227,JP Morgan,1696980.85,0.0249,0.139,642,Interest Rate Swap,50534.65576418175,48128.243584935,45721.83140568825
TRD-0228,JP Morgan,5796301.94,0.0204,0.28,289,Interest Rate Swap,158920.688070144,151353.03625728,143785.384444416
TRD-0229,Deutsche Bank,14553642.13,0.0389,0.402,1019,Cross Currency Swap,833409.8049453897,793723.623757514,754037.4425696384
TRD-0230,Citi,18008929.92,0.0298,0.239,995,Cross Currency Swap,698175.7779068353,664929.312292224,631682.8466776127
TRD-0231,JP Morgan,10721871.4,0.0132,0.366,395,Credit Default Swap,202994.61796706403,193328.20758768002,183661.79720829602
TRD-0232,Goldman Sachs,11110156.22,0.0188,0.418,573,Credit Default Swap,310987.9380040104,296178.988575248,281370.03914648556
TRD-0233,Citi,3036268.22,0.0373,0.471,678,FX Forward,174924.61935419732,166594.875575426,158265.1317966547
TRD-0234,Citi,9500834.97,0.013,0.194,843,Credit Default Swap,154845.558424557,147471.96040434,140098.362384123
TRD-0235,Goldman Sachs,11119728.06,0.044,0.26,1069,Credit Default Swap,647301.60982872,616477.7236463999,585653.8374640798
TRD-0236,JP Morgan,5606939.57,0.0298,0.161,604,Interest Rate Swap,203687.16254769333,193987.77385494602,184288.3851621987
TRD-0237,Goldman Sachs,6115621.39,0.0292,0.497,1042,Interest Rate Swap,280694.9128706478,267328.48844823596,253962.06402582416
TRD-0238,Citi,8168399.1,0.0337,0.471,699,Credit Default Swap,425176.0779677985,404929.59806457,384683.11816134147
TRD-0239,Barclays,1381352.76,0.043,0.316,298,FX Forward,82076.389482024,78167.98998288,74259.590483736
TRD-0240,Barclays,7119504.15,0.0239,0.437,953,Interest Rate Swap,256740.10569778728,244514.38637884503,232288.66705990277
TRD-0241,Deutsche Bank,5017512.13,0.0371,0.308,276,Credit Default Swap,255657.99801158824,243483.80763008402,231309.6172485798
TRD-0242,Goldman Sachs,7222449.69,0.0326,0.349,160,Credit Default Swap,333505.7869468563,317624.558997006,301743.33104715566
TRD-0243,Goldman Sachs,3275480.5,0.0207,0.136,382,Cross Currency Swap,80874.75800628001,77023.57905360001,73172.40010092001
TRD-0244,Deutsche Bank,17920018.33,0.0451,0.402,225,FX Forward,1189740.6601600442,1133086.343009566,1076432.0258590877
TRD-0245,Deutsche Bank,12278256.62,0.0419,0.151,959,Cross Currency Swap,621749.3668964319,592142.254187078,562535.1414777241
TRD-0246,Deutsche Bank,13902944.06,0.0363,0.43,1051,FX Forward,757772.319371067,721687.92321054,685603.527050013
TRD-0247,Citi,15994253.53,0.044,0.413,674,Interest Rate Swap,1044114.4669905179,994394.7304671599,944674.9939438018
TRD-0248,Goldman Sachs,10470401.78,0.0447,0.383,256,FX Forward,679645.3493337668,647281.2850797779,614917.220825789
TRD-0249,Citi,2651485.47,0.0383,0.114,730,Credit Default Swap,118785.24982811973,113128.80936011403,107472.36889210832
TRD-0250,Deutsche Bank,11205024.29,0.0435,0.221,294,Credit Default Swap,624894.9605082608,595138.0576269149,565381.1547455691
TRD-0251,Goldman Sachs,12149981.24,0.0379,0.205,675,FX Forward,582627.7466521891,554883.56824018,527139.389828171
TRD-0252,Citi,15163350.01,0.0372,0.244,240,FX Forward,736796.8815299063,701711.3157427679,666625.7499556295
TRD-0253,Citi,9201531.38,0.0347,0.135,972,FX Forward,380517.5982673905,362397.71263561,344277.82700382953
TRD-0254,Deutsche Bank,3424025.75,0.0401,0.475,486,Cross Currency Swap,212648.69120053123,202522.56304812498,192396.43489571873
TRD-0255,Goldman Sachs,6391742.21,0.0163,0.322,754,FX Forward,144619.7509957263,137733.09618640598,130846.44137708568
TRD-0256,Deutsche Bank,7898563.63,0.0452,0.222,1011,Interest Rate Swap,458086.0441131156,436272.422964872,414458.8018166284
TRD-0257,Goldman Sachs,13272427.59,0.0449,0.259,617,Cross Currency Swap,787792.3058017624,750278.3864778689,712764.4671539754
TRD-0258,Barclays,11844787.79,0.0112,0.279,505,Cross Currency Swap,178157.92694090158,169674.216134192,161190.5053274824
TRD-0259,JP Morgan,7765837.79,0.043,0.34,1015,FX Forward,469840.95213279,447467.5734598,425094.19478680997
TRD-0260,JP Morgan,19743789.73,0.0152,0.306,185,Interest Rate Swap,411534.81462258485,391937.918688176,372341.0227537672
TRD-0261,JP Morgan,12509721.57,0.0234,0.468,219,Cross Currency Swap,451210.14497515326,429723.94759538403,408237.7502156148
TRD-0262,Deutsche Bank,5507309.04,0.0397,0.299,1010,Credit Default Swap,298214.2583547876,284013.579385512,269812.90041623637
TRD-0263,Barclays,2933866.98,0.0164,0.497,575,Cross Currency Swap,75630.22052521321,72028.78145258401,68427.3423799548
TRD-0264,Goldman Sachs,3904323.64,0.0427,0.441,70,FX Forward,252247.55492553543,240235.76659574802,228223.9782659606
TRD-0265,Citi,5673196.84,0.0433,0.183,336,Interest Rate Swap,305133.4309930998,290603.267612476,276073.1042318522
TRD-0266,Goldman Sachs,4052946.09,0.0303,0.472,972,FX Forward,189806.2743441312,180767.880327744,171729.4863113568
TRD-0267,Citi,4544773.46,0.0103,0.147,367,Credit Default Swap,56377.02854047531,53692.408133786004,51007.7877270967
TRD-0268,Goldman Sachs,6416808.21,0.0215,0.427,982,Credit Default Swap,206714.42850125022,196870.88428690497,187027.34007255972
TRD-0269,Barclays,4294098.31,0.0347,0.252,308,Credit Default Swap,195882.2508499122,186554.524618964,177226.7983880158
TRD-0270,Citi,18038543.07,0.0492,0.451,925,FX Forward,1352145.0168794864,1287757.1589328442,1223369.300986202
TRD-0271,Deutsche Bank,2524441.17,0.0353,0.447,302,Cross Currency Swap,135393.49211487436,128946.182966547,122498.87381821964
TRD-0272,Goldman Sachs,10965716.4,0.0204,0.422,866,FX Forward,334007.38759953604,318102.27390432,302197.160209104
TRD-0273,Goldman Sachs,8797539.71,0.0354,0.416,649,Interest Rate Swap,463038.4442453112,440988.994519344,418939.5447933768
TRD-0274,Citi,19665193.72,0.0316,0.222,891,Cross Currency Swap,797344.1579633713,759375.388536544,721406.6191097168
TRD-0275,Deutsche Bank,3128739.14,0.0412,0.132,960,Credit Default Swap,153215.35688232482,145919.38750697603,138623.41813162723
TRD-0276,Deutsche Bank,8559256.38,0.0143,0.261,318,FX Forward,162060.23276212777,154343.07882107404,146625.92488002032
TRD-0277,Barclays,19419938.23,0.0404,0.169,753,Credit Default Swap,963014.9284887054,917157.074751148,871299.2210135906
TRD-0278,Deutsche Bank,17444635.39,0.0317,0.378,922,Credit Default Swap,800128.3813815748,762027.0298872141,723925.6783928534
TRD-0279,Deutsche Bank,16524369.35,0.0485,0.238,301,Interest Rate Swap,1041781.3443261525,992172.7088820499,942564.0734379473
TRD-0280,Deutsche Bank,5900153.71,0.0237,0.49,512,Cross Currency Swap,218769.73435929147,208352.12796122997,197934.52156316847
TRD-0281,JP Morgan,4246864.16,0.0353,0.356,965,Interest Rate Swap,213447.98724258237,203283.79737388797,193119.60750519356
TRD-0282,Barclays,13704221.18,0.0473,0.429,277,Interest Rate Swap,972606.1870688164,926291.6067322061,879977.0263955957
TRD-0283,Goldman Sachs,18658143.79,0.0141,0.153,185,Interest Rate Swap,318497.5930890253,303331.04103716696,288164.4889853086
TRD-0284,Citi,11578494.97,0.0475,0.445,483,Credit Default Swap,834454.8959285439,794718.948503375,754983.0010782062
TRD-0285,Goldman Sachs,11860641.1,0.0375,0.469,230,Interest Rate Swap,686041.7199260624,653373.0665962498,620704.4132664372
TRD-0286,Barclays,6319602.78,0.0127,0.295,153,Interest Rate Swap,109132.1144773335,103935.34712127,98738.5797652065
TRD-0287,Citi,15620365.73,0.022,0.343,30,Cross Currency Swap,484595.29215150897,461519.32585857995,438443.3595656509
TRD-0288,Barclays,4553831.22,0.0383,0.406,997,Cross Currency Swap,257484.04545229382,245222.900430756,232961.7554092182
TRD-0289,Deutsche Bank,7149905.49,0.0127,0.17,884,Interest Rate Swap,111552.46795970551,106240.44567591,100928.42339211449
TRD-0290,Citi,9083292.33,0.0333,0.301,669,Cross Currency Swap,413194.10853030346,393518.198600289,373842.28867027455
TRD-0291,Deutsche Bank,10644597.2,0.0238,0.259,220,Cross Currency Swap,334904.681391252,318956.83942023996,303008.99744922796
TRD-0292,Goldman Sachs,5605784.92,0.0348,0.159,545,Interest Rate Swap,237404.20655211122,226099.244335344,214794.28211857678
TRD-0293,Goldman Sachs,3181899.67,0.0118,0.247,471,Credit Default Swap,49161.399928391096,46820.38088418199,44479.36183997289
TRD-0294,Citi,12601780.81,0.0449,0.127,172,Interest Rate Swap,669563.0477359561,637679.093081863,605795.1384277699
TRD-0295,Citi,6483980.51,0.0489,0.11,562,Cross Currency Swap,369541.1770074045,351943.97810229,334346.7791971755
TRD-0296,Barclays,12043526.21,0.0488,0.154,256,Credit Default Swap,712145.2665824615,678233.587221392,644321.9078603224
TRD-0297,Barclays,3932891.59,0.04,0.485,978,FX Forward,245294.4484683,233613.76044599997,221933.07242369995
TRD-0298,Deutsche Bank,10141661.94,0.0152,0.32,489,Credit Default Swap,213656.420422368,203482.30516416,193308.189905952
TRD-0299,Citi,11119199.22,0.0403,0.486,580,Cross Currency Swap,699176.24768153,665882.1406490761,632588.0336166222
TRD-0300,Goldman Sachs,1984647.2,0.011,0.273,422,Credit Default Swap,29180.56547868,27791.0147416,26401.46400452
TRD-0301,Barclays,7395481.29,0.0109,0.225,874,Interest Rate Swap,103685.57212096125,98748.163924725,93810.75572848874
TRD-0302,Barclays,3553878.86,0.0229,0.302,239,FX Forward,111259.8283796874,105961.741313988,100663.65424828859
TRD-0303,Goldman Sachs,2204124.44,0.0295,0.276,675,FX Forward,87116.034779004,82967.65217048,78819.269561956
TRD-0304,Barclays,19809244.42,0.0408,0.142,248,FX Forward,969133.2113480978,922984.0108077121,876834.8102673264
TRD-0305,Deutsche Bank,7124723.05,0.0373,0.356,436,Cross Currency Swap,378377.939311407,360359.94220134,342341.945091273
TRD-0306,Citi,16387614.47,0.0278,0.186,917,Cross Currency Swap,567328.3971258498,540312.759167476,513297.12120910216
TRD-0307,Goldman Sachs,5838172.44,0.0209,0.348,587,FX Forward,172703.9997759384,164479.99978660798,156255.99979727756
TRD-0308,Citi,13948551.72,0.0499,0.36,579,Credit Default Swap,993934.739622384,946604.51392608,899274.288229776
TRD-0309,Barclays,15444329.34,0.027,0.161,171,FX Forward,508340.061412029,484133.39182098,459926.722229931
TRD-0310,Barclays,12317136.07,0.0281,0.125,641,Credit Default Swap,408844.23721351876,389375.464012875,369906.6908122312
TRD-0311,Goldman Sachs,9959947.58,0.0165,0.412,530,Credit Default Swap,243649.20165478205,232046.85871884003,220444.515782898
TRD-0312,Deutsche Bank,8824977.37,0.0418,0.284,869,Cross Currency Swap,497329.4816917811,473647.1254207439,449964.7691497067
TRD-0313,JP Morgan,7628497.06,0.0377,0.123,731,Credit Default Swap,339116.8650228723,322968.442878926,306820.0207349797
TRD-0314,Goldman Sachs,18661053.74,0.0188,0.498,625,FX Forward,551817.0628397447,525540.059847376,499263.05685500713
TRD-0315,JP Morgan,16781768.75,0.0133,0.123,310,Cross Currency Swap,263183.3608667812,250650.81987312497,238118.2788794687
TRD-0316,JP Morgan,19335511.3,0.0372,0.378,453,Interest Rate Swap,1040727.708358884,991169.24605608,941610.783753276
TRD-0317,Deutsche Bank,3361647.25,0.0362,0.493,885,Interest Rate Swap,190769.88447494252,181685.60426185,172601.3240487575
TRD-0318,JP Morgan,14886482.03,0.0209,0.196,299,Cross Currency Swap,390713.88238542655,372108.45941469196,353503.03644395736
TRD-0319,JP Morgan,18828468.68,0.048,0.157,183,FX Forward,1097940.728443104,1045657.8366124801,993374.944781856
TRD-0320,Deutsche Bank,4443428.26,0.016,0.149,643,Interest Rate Swap,85772.384388432,81687.98513183999,77603.58587524798
TRD-0321,JP Morgan,2263429.08,0.0273,0.221,691,Interest Rate Swap,79219.93857998222,75447.56055236401,71675.1825247458
TRD-0322,JP Morgan,15081292.34,0.0477,0.14,112,Credit Default Swap,861095.0406077462,820090.5148645202,779085.9891212941
TRD-0323,JP Morgan,11914989.15,0.0268,0.377,976,Credit Default Swap,461691.293275737,439705.99359594,417720.693916143
TRD-0324,Goldman Sachs,16994746.76,0.0355,0.125,928,FX Forward,712664.083663875,678727.6987274999,644791.3137911248
TRD-0325,Goldman Sachs,3655675.16,0.0259,0.304,313,Cross Currency Swap,129638.57611296482,123465.31058377601,117292.0450545872
TRD-0326,Goldman Sachs,16110078.93,0.021,0.499,1009,FX Forward,532485.6333693436,507129.1746374701,481772.71590559656
TRD-0327,Deutsche Bank,4830919.08,0.0494,0.426,202,Cross Currency Swap,357326.7558411096,340311.196039152,323295.63623719435
TRD-0328,Barclays,4109462.91,0.0264,0.346,792,Interest Rate Swap,153328.66377055924,146027.29882910402,138725.9338876488
TRD-0329,JP Morgan,4121050.16,0.0458,0.223,662,Credit Default Swap,242375.73258375123,230834.03103214403,219292.32948053684
TRD-0330,JP Morgan,16476919.68,0.0192,0.35,816,FX Forward,448435.84601087996,427081.75810559996,405727.67020031996
TRD-0331,Deutsche Bank,13638747.19,0.0185,0.311,972,FX Forward,347326.7227212982,330787.35497266497,314247.9872240317
TRD-0332,JP Morgan,10938243.07,0.0112,0.27,1041,Cross Currency Swap,163364.84789906399,155585.56942768,147806.290956296
TRD-0333,Goldman Sachs,7817779.2,0.0361,0.152,427,Cross Currency Swap,341375.52450355195,325119.54714623996,308863.56978892797
TRD-0334,Barclays,17666810.28,0.0247,0.455,963,FX Forward,666664.5943101691,634918.6612477801,603172.728185391
TRD-0335,Citi,8456457.04,0.0446,0.28,705,Cross Currency Swap,506900.33047449606,482762.21949952,458624.108524544
TRD-0336,JP Morgan,16515389.35,0.0289,0.178,965,FX Forward,590365.8790147335,562253.21810927,534140.5572038065
TRD-0337,Goldman Sachs,9343563.26,0.0487,0.247,494,FX Forward,595795.5348032247,567424.318860214,539053.1029172032
TRD-0338,Citi,8161944.16,0.0174,0.266,315,FX Forward,188784.2992708512,179794.57073414398,170804.84219743678
TRD-0339,Barclays,9790915.93,0.0447,0.431,294,Interest Rate Swap,657596.9306587811,626282.791103601,594968.6515484209
TRD-0340,Citi,6726179.61,0.0411,0.393,349,Cross Currency Swap,404343.7155298831,385089.25288560294,365834.7902413228
TRD-0341,Goldman Sachs,15204578.22,0.0408,0.408,702,Credit Default Swap,917120.6963702785,873448.282257408,829775.8681445376
TRD-0342,Citi,10551687.41,0.0438,0.104,849,Credit Default Swap,535740.4028004337,510228.95504803205,484717.5072956304
TRD-0343,Deutsche Bank,5412041.21,0.0404,0.266,118,Cross Currency Swap,290646.7457703012,276806.424543144,262966.1033159868
TRD-0344,Citi,18091916.89,0.035,0.293,850,FX Forward,859687.1837997976,818749.69885695,777812.2139141025
TRD-0345,JP Morgan,8293933.21,0.0152,0.108,1030,Credit Default Swap,146667.26082701283,139683.105549536,132698.95027205918
TRD-0346,JP Morgan,11327504.36,0.0113,0.204,363,Credit Default Swap,161818.6104346056,154112.96231867198,146407.31420273837
TRD-0347,Deutsche Bank,18222970.11,0.0468,0.404,251,Cross Currency Swap,1257249.3586923815,1197380.3416117919,1137511.3245312022
TRD-0348,Goldman Sachs,12860521.92,0.0347,0.155,70,Credit Default Swap,541201.9491592561,515430.42777072004,489658.906382184
TRD-0349,JP Morgan,3221062.77,0.0419,0.314,97,FX Forward,186207.80272792114,177340.76450278203,168473.7262776429
TRD-0350,Barclays,18856810.35,0.0293,0.186,1017,Cross Currency Swap,688033.9077154516,655270.38830043,622506.8688854085
TRD-0351,JP Morgan,12926453.01,0.0147,0.105,543,FX Forward,220469.38144133173,209970.83946793497,199472.29749453822
TRD-0352,JP Morgan,7363206.68,0.015,0.196,724,Credit Default Swap,138700.72423115998,132095.92783919998,125491.13144723998
TRD-0353,Goldman Sachs,3646169.38,0.0374,0.49,1069,Credit Default Swap,213345.75661337402,203186.43486988,193027.113126386
TRD-0354,Citi,16086478.6,0.0272,0.421,506,FX Forward,652849.786747536,621761.70166432,590673.6165811039
TRD-0355,JP Morgan,12781382.36,0.018,0.484,910,Interest Rate Swap,358487.09988033597,341416.28560031997,324345.471320304
TRD-0356,Deutsche Bank,11135760.75,0.0297,0.295,461,Credit Default Swap,449712.9651904312,428298.06208612496,406883.1589818187
TRD-0357,Citi,17983959.08,0.0126,0.144,297,Interest Rate Swap,272189.37875088956,259227.97976275196,246266.58077461435
TRD-0358,Barclays,15983347.01,0.0333,0.319,1088,Credit Default Swap,737133.3435019334,702031.755716127,666930.1679303206
TRD-0359,Goldman Sachs,3881822.71,0.0208,0.282,808,Interest Rate Swap,108686.68823856479,103511.13165577599,98335.57507298718
TRD-0360,Barclays,6922719.29,0.0419,0.438,523,Interest Rate Swap,437964.5205651849,417109.067204938,396253.6138446911
TRD-0361,Citi,5721293.66,0.0224,0.139,690,Interest Rate Swap,153269.3378199648,145970.797923776,138672.2580275872
TRD-0362,Citi,15134979.56,0.0282,0.295,1042,FX Forward,580350.0344792219,552714.3185516399,525078.6026240579
TRD-0363,Citi,1637116.26,0.0105,0.16,1088,Interest Rate Swap,20937.079849140002,19940.0760468,18943.07224446
TRD-0364,Barclays,11827904.01,0.0129,0.23,1006,Interest Rate Swap,197057.0205730035,187673.35292667,178289.68528033647
TRD-0365,Citi,15486715.03,0.0257,0.395,511,Interest Rate Swap,582983.0620929473,555221.963898045,527460.8657031427
TRD-0366,Barclays,17658547.1,0.0292,0.29,757,Credit Default Swap,698420.25977094,665162.1521628001,631904.0445546601
TRD-0367,Citi,7499553.23,0.034,0.25,509,Interest Rate Swap,334667.56288875005,318731.01227500004,302794.46166125004
TRD-0368,Deutsche Bank,16603888.79,0.0217,0.258,1061,Credit Default Swap,475926.06444882875,453262.91852269403,430599.7725965593
TRD-0369,Citi,3102003.0,0.0378,0.284,372,Interest Rate Swap,158084.15280588003,150556.33600560002,143028.51920532002
TRD-0370,Barclays,17082593.54,0.0444,0.414,361,Interest Rate Swap,1126096.1823204071,1072472.5545908639,1018848.9268613206
TRD-0371,JP Morgan,3422284.58,0.0412,0.457,467,FX Forward,215705.98106617565,205434.26768207204,195162.55429796843
TRD-0372,Citi,8548458.52,0.0116,0.482,203,Credit Default Swap,154306.17311447518,146958.26010902398,139610.34710357277
TRD-0373,JP Morgan,16148611.95,0.0292,0.415,588,Interest Rate Swap,700589.765977605,667228.3485501,633866.931122595
TRD-0374,Deutsche Bank,3848431.12,0.0142,0.226,556,Credit Default Swap,70348.01240701921,66998.10705430401,63648.201701588805
TRD-0375,Goldman Sachs,5355776.51,0.0197,0.375,688,Credit Default Swap,152328.32602535625,145074.596214625,137820.86640389374
TRD-0376,Deutsche Bank,14722798.8,0.0495,0.275,55,Cross Currency Swap,975652.27122825,929192.639265,882733.00730175
TRD-0377,Citi,14680694.19,0.0157,0.202,849,FX Forward,290897.5149540243,277045.252337166,263192.9897203077
TRD-0378,JP Morgan,13181805.02,0.03,0.436,634,FX Forward,596265.7682746799,567872.1602615999,539478.55224852
TRD-0379,JP Morgan,14185020.44,0.0347,0.115,435,FX Forward,576266.810000511,548825.5333338199,521384.25666712894
TRD-0380,Barclays,11311764.42,0.0381,0.461,261,Cross Currency Swap,661142.1451438882,629659.185851322,598176.2265587559
TRD-0381,JP Morgan,5784182.12,0.0324,0.285,562,Cross Currency Swap,252859.570303284,240818.63838408,228777.70646487598
TRD-0382,Barclays,7568223.88,0.0104,0.355,534,FX Forward,111983.98146280799,106651.41091695998,101318.84037111198
TRD-0383,Goldman Sachs,4450356.62,0.0231,0.364,208,Cross Currency Swap,147234.7973518884,140223.616525608,133212.4356993276
TRD-0384,Citi,18260560.67,0.0307,0.458,161,Cross Currency Swap,858221.3345218822,817353.6519256021,776485.969329322
TRD-0385,Barclays,12084444.1,0.0135,0.355,377,Cross Currency Swap,232107.4283842125,221054.69369924997,210001.95901428745
TRD-0386,Goldman Sachs,8616176.92,0.024,0.346,569,FX Forward,292253.8281848641,278336.97922368004,264420.130262496
TRD-0387,JP Morgan,9778110.27,0.0113,0.127,801,FX Forward,130751.47270445085,124525.212099477,118298.95149450314
TRD-0388,JP Morgan,18998383.45,0.0131,0.307,105,FX Forward,341548.85301165824,325284.621915865,309020.39082007174
TRD-0389,Goldman Sachs,3913676.66,0.0259,0.16,608,Cross Currency Swap,123461.626651692,117582.50157303999,111703.37649438798
TRD-0390,JP Morgan,12138366.81,0.0153,0.395,883,FX Forward,272028.9936096968,259075.232009235,246121.47040877325
TRD-0391,Goldman Sachs,10611884.9,0.0327,0.305,223,Cross Currency Swap,475488.58379415754,452846.27028015,430203.95676614245
TRD-0392,Barclays,12617630.47,0.0376,0.372,376,Interest Rate Swap,683453.6379110832,650908.226581984,618362.8152528848
TRD-0393,Barclays,1344093.49,0.042,0.117,980,Cross Currency Swap,66209.64208935302,63056.80198986001,59903.961890367005
TRD-0394,Goldman Sachs,17570354.27,0.018,0.134,243,Credit Default Swap,376578.37492720195,358646.0713592399,340713.7677912779
TRD-0395,Barclays,18710247.37,0.0167,0.387,602,FX Forward,455052.7682469017,433383.588806573,411714.40936624433
TRD-0396,Barclays,11737530.49,0.0142,0.129,809,FX Forward,197582.42837506114,188173.74130958202,178765.0542441029
TRD-0397,Barclays,14236365.65,0.0355,0.129,291,Credit Default Swap,599115.7379226339,570586.417069175,542057.0962157162
TRD-0398,Deutsche Bank,18527488.24,0.0383,0.105,759,Cross Currency Swap,823316.648226618,784111.0935491599,744905.5388717019
TRD-0399,Citi,14437534.05,0.0113,0.483,312,Interest Rate Swap,254039.88944931977,241942.75185649502,229845.61426367026
TRD-0400,JP Morgan,3898241.82,0.0474,0.395,391,Credit Default Swap,270651.616057053,257763.44386385998,244875.27167066696
TRD-0401,Deutsche Bank,11949478.84,0.0121,0.241,470,Credit Default Swap,188406.29766979022,179434.56920932402,170462.84074885782
TRD-0402,Barclays,12527585.88,0.0317,0.219,122,Cross Currency Swap,508299.46844326024,484094.731850724,459889.9952581878
TRD-0403,Goldman Sachs,9058482.75,0.0384,0.24,782,FX Forward,452895.15035520005,431328.714624,409762.2788928
TRD-0404,Barclays,14992440.48,0.0448,0.41,896,Cross Currency Swap,994394.6042526719,947042.4802406399,899690.3562286078
TRD-0405,Citi,18752973.28,0.0386,0.365,171,Credit Default Swap,1037479.1796074163,988075.4091499202,938671.6386924242
TRD-0406,Barclays,18585801.75,0.0421,0.174,778,Credit Default Swap,964541.2201051725,918610.6858144499,872680.1515237273
TRD-0407,Goldman Sachs,9565948.06,0.0236,0.17,682,FX Forward,277341.70572435594,264134.95783271996,250928.20994108394
TRD-0408,Citi,3151522.87,0.0426,0.139,730,FX Forward,160562.1168736389,152916.301784418,145270.4866951971
TRD-0409,Barclays,19711982.78,0.0132,0.364,1027,FX Forward,372655.82293521124,354910.30755734403,337164.7921794768
TRD-0410,Citi,16939063.64,0.0458,0.406,78,Cross Currency Swap,1145326.9960493257,1090787.615285072,1036248.2345208183
TRD-0411,JP Morgan,3368590.94,0.0319,0.206,910,FX Forward,136074.1299635718,129594.40948911598,123114.68901466017
TRD-0412,JP Morgan,18495995.77,0.0427,0.108,584,Credit Default Swap,918828.9111455288,875075.1534719322,831321.3957983356
TRD-0413,Barclays,17528030.88,0.0281,0.133,433,Credit Default Swap,585947.4364126152,558045.177535824,530142.9186590328
TRD-0414,Citi,10857923.09,0.0357,0.487,921,Interest Rate Swap,605222.7503316028,576402.6193634311,547582.4883952595
TRD-0415,Goldman Sachs,12234233.28,0.0311,0.218,894,Cross Currency Swap,486601.82528973115,463430.30979974393,440258.7943097567
TRD-0416,Barclays,8581051.37,0.0393,0.408,631,Interest Rate Swap,498568.69537453435,474827.32892812794,451085.96248172154
TRD-0417,JP Morgan,2040471.14,0.0133,0.35,370,Credit Default Swap,38468.492284634995,36636.659318699996,34804.826352765
TRD-0418,JP Morgan,7368747.59,0.0124,0.253,733,Interest Rate Swap,120214.19030811542,114489.70505534801,108765.2198025806
TRD-0419,Barclays,16254215.52,0.0199,0.182,347,Credit Default Swap,401444.82694925286,382328.40661833604,363211.9862874192
TRD-0420,Citi,1088008.44,0.0164,0.149,647,Interest Rate Swap,21527.095631983204,20501.995839984003,19476.896047984803
TRD-0421,JP Morgan,7336484.26,0.0449,0.346,411,FX Forward,465552.52888914425,443383.36084680405,421214.19280446385
TRD-0422,Citi,8565205.18,0.0188,0.41,262,Interest Rate Swap,238398.78185701199,227046.45891144,215694.135965868
TRD-0423,JP Morgan,11210516.46,0.049,0.358,846,FX Forward,783268.6955953861,745970.18628132,708671.676967254
TRD-0424,JP Morgan,18477256.71,0.0235,0.312,582,FX Forward,598175.317826856,569690.77888272,541206.239938584
TRD-0425,Deutsche Bank,7580573.89,0.0173,0.117,885,Cross Currency Swap,153812.1563031364,146487.76790774896,139163.3795123615
TRD-0426,JP Morgan,7592110.84,0.0416,0.487,848,FX Forward,493123.99801741436,469641.90287372796,446159.80773004156
TRD-0427,Goldman Sachs,15012523.71,0.0363,0.419,212,FX Forward,811955.1221722363,773290.592544987,734626.0629177376
TRD-0428,Barclays,9592140.88,0.0299,0.217,1094,Interest Rate Swap,366493.7849828893,349041.6999837041,331589.61498451885
TRD-0429,Barclays,5267491.64,0.0322,0.492,426,Credit Default Swap,265716.0873838128,253062.940365536,240409.79334725917
TRD-0430,Citi,9596350.81,0.0388,0.341,808,Cross Currency Swap,524271.1002111954,499305.809724948,474340.5192387006
TRD-0431,JP Morgan,3676283.39,0.0191,0.333,936,FX Forward,98279.24189413786,93599.277994417,88919.31409469615
TRD-0432,Goldman Sachs,4351352.74,0.0499,0.399,156,Cross Currency Swap,318956.7884104077,303768.369914674,288579.9514189403
TRD-0433,Citi,10468987.68,0.049,0.425,30,Interest Rate Swap,767546.9179938001,730997.0647560001,694447.2115182
TRD-0434,Deutsche Bank,8959583.54,0.036,0.363,48,FX Forward,461610.28739775595,439628.84514071996,417647.402883684
TRD-0435,Citi,18382072.12,0.018,0.151,613,Interest Rate Swap,399881.75869126804,380839.77018216,361797.781673052
TRD-0436,Citi,7885484.08,0.0372,0.235,485,Cross Currency Swap,380388.65508352796,362274.90960335993,344161.1641231919
TRD-0437,JP Morgan,12031178.66,0.0129,0.471,986,Interest Rate Swap,239717.5652910087,228302.443134294,216887.3209775793
TRD-0438,Deutsche Bank,13013021.47,0.0112,0.19,474,Cross Currency Swap,182109.427659768,173437.55015216,164765.672644552
TRD-0439,Citi,1248794.68,0.0203,0.249,631,Interest Rate Swap,33245.9551966458,31662.814472996,30079.6737493462
TRD-0440,Goldman Sachs,13607210.07,0.0285,0.273,132,Cross Currency Swap,518360.20419186685,493676.3849446351,468992.56569740333
TRD-0441,Goldman Sachs,4382683.37,0.0447,0.276,1017,Credit Default Swap,262474.7873069322,249975.987911364,237477.1885157958
TRD-0442,Barclays,19260336.03,0.0391,0.345,549,Interest Rate Swap,1063536.0137321695,1012891.4416496851,962246.8695672009
TRD-0443,Deutsche Bank,3824591.83,0.0397,0.477,888,Interest Rate Swap,235475.31911035333,224262.20867652696,213049.0982427006
TRD-0444,Deutsche Bank,8877858.35,0.027,0.196,203,Credit Default Swap,301017.99193011,286683.80183819996,272349.61174628994
TRD-0445,Barclays,2621643.69,0.0238,0.149,1034,Credit Default Swap,75276.59230925191,71691.992675478,68107.3930417041
TRD-0446,Citi,19940610.79,0.0248,0.179,460,Interest Rate Swap,612199.8823615164,583047.5070109679,553895.1316604195
TRD-0447,Deutsche Bank,10541705.2,0.0495,0.455,756,Credit Default Swap,797201.96090535,759239.962767,721277.9646286499
TRD-0448,Goldman Sachs,12312315.33,0.0116,0.358,879,FX Forward,203651.1129769452,193953.440930424,184255.76888390278
TRD-0449,Goldman Sachs,2274453.07,0.0447,0.214,1019,Cross Currency Swap,129596.26617630628,123425.01540600597,117253.76463570567
TRD-0450,JP Morgan,15249248.94,0.0331,0.426,668,Cross Currency Swap,755762.3844932321,719773.6995173639,683785.0145414957
TRD-0451,Deutsche Bank,4988206.27,0.0275,0.445,449,Cross Currency Swap,208129.78898683126,198218.846654125,188307.90432141873
TRD-0452,Citi,18063031.5,0.039,0.439,623,FX Forward,1064401.160352075,1013715.3908115,963029.6212709249
TRD-0453,Barclays,4897653.17,0.0295,0.468,514,Credit Default Swap,222702.656589021,212097.76818002,201492.879771019
TRD-0454,Barclays,4623066.69,0.0449,0.201,441,Credit Default Swap,261763.3293991601,249298.40895158105,236833.488504002
TRD-0455,Citi,1694443.69,0.046,0.402,965,Interest Rate Swap,114741.96557825402,109278.06245548002,103814.15933270601
TRD-0456,JP Morgan,9969271.96,0.0269,0.284,361,Credit Default Swap,361551.39907909685,344334.66578961606,327117.93250013527
TRD-0457,Barclays,11731981.53,0.0211,0.437,684,Interest Rate Swap,373507.9869955046,355721.892376671,337935.79775783746
TRD-0458,Deutsche Bank,2248464.15,0.0337,0.391,70,FX Forward,110670.60839132026,105400.579420305,100130.55044928975
TRD-0459,JP Morgan,15735024.72,0.0465,0.411,988,Cross Currency Swap,1084018.503137094,1032398.57441628,980778.645695466
TRD-0460,Deutsche Bank,9612487.86,0.0184,0.362,134,Cross Currency Swap,252941.46754998242,240896.635761888,228851.80397379358
TRD-0461,Goldman Sachs,10963415.12,0.0349,0.171,231,Cross Currency Swap,470454.34042178036,448051.75278264796,425649.16514351557
TRD-0462,JP Morgan,9374492.19,0.0353,0.318,479,Credit Default Swap,457959.5988834573,436151.998936626,414344.3989897947
TRD-0463,Barclays,8614498.16,0.0393,0.494,939,Interest Rate Swap,531083.0362591656,505793.367865872,480503.69947257836
TRD-0464,JP Morgan,11633166.29,0.0153,0.475,239,Interest Rate Swap,275658.05426205375,262531.480249575,249404.90623709623
TRD-0465,JP Morgan,3949564.67,0.0386,0.117,592,FX Forward,178804.73123588672,170290.220224654,161775.7092134213
TRD-0466,JP Morgan,4456634.48,0.0464,0.166,742,Credit Default Swap,253170.3523552896,241114.621290752,229058.8902262144
TRD-0467,JP Morgan,17373926.8,0.0172,0.153,800,FX Forward,361780.4050632241,344552.76672688004,327325.128390536
TRD-0468,Deutsche Bank,18976193.78,0.0195,0.39,483,Interest Rate Swap,540067.2190272451,514349.7324069001,488632.24578655505
TRD-0469,Goldman Sachs,8092877.01,0.0489,0.427,696,Interest Rate Swap,592959.5549019482,564723.385620903,536487.2163398578
TRD-0470,Citi,6144148.79,0.0172,0.185,658,Cross Currency Swap,131491.54266966903,125230.04063778001,118968.53860589101
TRD-0471,JP Morgan,13235991.32,0.0442,0.302,416,Credit Default Swap,799795.6290238824,761710.122879888,723624.6167358937
TRD-0472,Barclays,8765949.25,0.0297,0.436,325,Interest Rate Swap,392553.758890755,373860.7227531,355167.68661544495
TRD-0473,JP Morgan,1482340.76,0.0199,0.393,287,Cross Currency Swap,43146.099681018604,41091.523505732,39036.9473304454
TRD-0474,Barclays,3966899.35,0.0448,0.317,297,Credit Default Swap,245756.079123408,234053.40868896,222350.73825451196
TRD-0475,Deutsche Bank,14603472.35,0.0278,0.336,448,FX Forward,569503.878149724,542384.64585688,515265.41356403596
TRD-0476,Barclays,13519554.9,0.0306,0.303,264,Credit Default Swap,566001.438514911,539048.98906182,512096.53960872896
TRD-0477,Citi,1514823.86,0.0244,0.219,1015,Credit Default Swap,47309.130710410805,45056.314962296005,42803.4992141812
TRD-0478,Goldman Sachs,5217471.08,0.0337,0.326,603,Interest Rate Swap,244806.40398385085,233148.95617509604,221491.50836634124
TRD-0479,Barclays,5390421.14,0.0165,0.376,78,Interest Rate Swap,128503.32764068799,122384.12156255999,116264.91548443199
TRD-0480,Barclays,13765962.13,0.0256,0.449,252,Credit Default Swap,536172.1109168257,510640.10563507205,485108.10035331844
TRD-0481,Goldman Sachs,1374500.22,0.0488,0.355,950,Interest Rate Swap,95431.82517464401,90887.45254728,86343.079919916
TRD-0482,Citi,2978063.06,0.0203,0.404,306,Interest Rate Swap,89122.28942995559,84878.37088567199,80634.45234138839
TRD-0483,JP Morgan,16198405.62,0.0363,0.164,449,Interest Rate Swap,718656.1959601332,684434.4723429839,650212.7487258347
TRD-0484,Barclays,4392348.58,0.023,0.285,640,Cross Currency Swap,136306.655395995,129815.8622819,123325.06916780499
TRD-0485,Goldman Sachs,13402176.05,0.0409,0.104,404,Cross Currency Swap,635414.3213158441,605156.49649128,574898.671666716
TRD-0486,Deutsche Bank,5525472.84,0.0152,0.199,102,Credit Default Swap,105735.66928515362,100700.63741443201,95665.60554371041
TRD-0487,Goldman Sachs,2889386.46,0.0488,0.391,1083,Interest Rate Swap,205940.55763466642,196133.864413968,186327.17119326958
TRD-0488,Deutsche Bank,5620271.63,0.0282,0.497,224,Cross Currency Swap,249125.1157175571,237262.014969102,225398.91422064687
TRD-0489,Citi,14723071.71,0.0194,0.14,876,Credit Default Swap,341896.226635278,325615.45393836003,309334.68124144204
TRD-0490,JP Morgan,17258232.89,0.0129,0.261,1094,Interest Rate Swap,294774.8460282581,280737.948598341,266701.05116842396
TRD-0491,Goldman Sachs,16774177.43,0.0168,0.42,52,FX Forward,420173.015608584,400164.77677008,380156.53793157596
TRD-0492,Barclays,8546487.06,0.0308,0.182,389,Interest Rate Swap,326696.98877711286,311139.989311536,295582.9898459592
TRD-0493,Citi,13693617.59,0.0235,0.322,589,Interest Rate Swap,446690.59855195653,425419.61766853003,404148.63678510353
TRD-0494,Goldman Sachs,4894701.61,0.0432,0.393,701,Cross Currency Swap,309278.9653862329,294551.39560593606,279823.82582563924
TRD-0495,Barclays,6569806.87,0.0272,0.346,708,Credit Default Swap,252554.93894289123,240528.513278944,228502.0876149968
TRD-0496,Goldman Sachs,18030380.55,0.0199,0.175,469,Credit Default Swap,442675.14187089377,421595.373210375,400515.6045498563
TRD-0497,Deutsche Bank,1247036.55,0.0347,0.242,962,Cross Currency Swap,56431.23466046851,53744.03300997001,51056.83135947151
TRD-0498,Goldman Sachs,2624662.09,0.0383,0.414,36,Interest Rate Swap,149248.8113323809,142141.725078458,135034.6388245351
TRD-0499,Goldman Sachs,4949838.85,0.0167,0.322,450,FX Forward,114743.55083833949,109279.57222698999,103815.59361564048
TRD-0500,Goldman Sachs,1504111.87,0.0167,0.102,862,Interest Rate Swap,29064.811007775905,27680.772388358004,26296.733768940103
